date,region,coal_mwh,hydro_mwh,wind_mwh,solar_mwh,nuclear_mwh,gas_mwh,others_mwh
2023-07-12,ER,648750.0,130000.0,0.0,5410.0,0.0,0.0,1840.0
2023-07-13,ER,636120.0,132380.0,0.0,5400.0,0.0,0.0,1530.0
2023-07-14,ER,623920.0,130310.0,0.0,2160.0,0.0,0.0,1370.0
2023-07-15,ER,600190.0,130139.99999999999,0.0,1250.0,0.0,0.0,1260.0
2023-07-16,ER,595740.0,114790.0,0.0,1760.0,0.0,0.0,550.0
2023-07-17,ER,637010.0,124080.0,0.0,1640.0,0.0,0.0,670.0
2023-07-18,ER,611700.0,132110.0,0.0,1850.0,0.0,0.0,980.0
2023-07-19,ER,594380.0,134550.0,0.0,2440.0,0.0,0.0,1190.0
2023-07-20,ER,591110.0,136530.0,0.0,5010.0,0.0,0.0,1810.0
2023-07-21,ER,618920.0,139600.0,0.0,5020.0,0.0,0.0,1810.0
2023-07-22,ER,604160.0,137380.0,0.0,2640.0,0.0,0.0,1690.0
2023-07-23,ER,578870.0,141400.0,0.0,2590.0,0.0,0.0,1740.0
2023-07-24,ER,633810.0,137320.0,0.0,2550.0,0.0,0.0,1080.0
2023-07-25,ER,638670.0,129380.0,0.0,2410.0,0.0,0.0,1230.0
2023-07-26,ER,614460.0,138750.0,0.0,1920.0,0.0,0.0,1210.0
2023-07-27,ER,599090.0,141250.0,0.0,1870.0,0.0,0.0,1260.0
2023-07-28,ER,576210.0,141640.0,0.0,4630.0,0.0,0.0,1790.0
2023-07-29,ER,533170.0,135200.0,0.0,4680.0,0.0,0.0,1740.0
2023-07-30,ER,565590.0,137140.0,0.0,1940.0,0.0,0.0,1790.0
2023-07-31,ER,607680.0,130759.99999999999,0.0,2070.0,0.0,0.0,1860.0
2023-08-01,ER,566930.0,132750.0,0.0,1360.0,0.0,0.0,1160.0
2023-08-02,ER,552140.0,116230.0,0.0,1060.0,0.0,0.0,1050.0
2023-08-03,ER,575190.0,137920.0,0.0,1490.0,0.0,0.0,1030.0
2023-08-04,ER,608670.0,135830.0,0.0,2009.9999999999998,0.0,0.0,1000.0
2023-08-05,ER,613260.0,137540.0,0.0,4730.0,0.0,0.0,1790.0
2023-08-06,ER,595490.0,136830.0,0.0,4350.0,0.0,0.0,1870.0
2023-08-07,ER,594570.0,140210.0,0.0,1640.0,0.0,0.0,1890.0
2023-08-08,ER,607900.0,140340.0,0.0,2070.0,0.0,0.0,1260.0
2023-08-09,ER,597940.0,139080.0,0.0,2220.0,0.0,0.0,1220.0
2023-08-10,ER,600000.0,139810.0,0.0,2560.0,0.0,0.0,1180.0
2023-08-11,ER,635760.0,126380.0,0.0,2280.0,0.0,0.0,1150.0
2023-08-12,ER,643120.0,133640.0,0.0,2170.0,0.0,0.0,1160.0
2023-08-13,ER,625170.0,132460.0,0.0,2280.0,0.0,0.0,1840.0
2023-08-14,ER,629130.0,134240.0,0.0,2360.0,0.0,0.0,1760.0
2023-08-15,ER,625420.0,142620.0,0.0,2630.0,0.0,0.0,1800.0
2023-08-16,ER,637830.0,143940.0,0.0,2300.0,0.0,0.0,2029.9999999999998
2023-08-17,ER,611910.0,138090.0,0.0,1360.0,0.0,0.0,1260.0
2023-08-18,ER,612720.0,135970.0,0.0,1580.0,0.0,0.0,1330.0
2023-08-19,ER,605180.0,140150.0,0.0,2380.0,0.0,0.0,1250.0
2023-08-20,ER,616230.0,139150.0,0.0,2330.0,0.0,0.0,1300.0
2023-08-21,ER,618450.0,139290.0,0.0,5180.0,0.0,0.0,1340.0
2023-08-22,ER,611800.0,141420.0,0.0,4910.0,0.0,0.0,1320.0
2023-08-23,ER,604740.0,137260.0,0.0,2220.0,0.0,0.0,1310.0
2023-08-24,ER,604650.0,133590.0,0.0,1550.0,0.0,0.0,1770.0
2023-08-25,ER,609300.0,132710.0,0.0,1660.0,0.0,0.0,1260.0
2023-08-26,ER,629900.0,141650.0,0.0,2420.0,0.0,0.0,1320.0
2023-08-27,ER,642670.0,134290.0,0.0,2270.0,0.0,0.0,1270.0
2023-08-28,ER,640910.0,136310.0,0.0,2870.0,0.0,0.0,1260.0
2023-08-29,ER,655700.0,138610.0,0.0,5860.0,0.0,0.0,1880.0
2023-08-30,ER,650600.0,139190.0,0.0,5900.0,0.0,0.0,2040.0
2023-08-31,ER,653950.0,137420.0,0.0,2580.0,0.0,0.0,2060.0
2023-09-01,ER,657510.0,139610.0,0.0,2500.0,0.0,0.0,1230.0
2023-09-02,ER,636390.0,133810.0,0.0,1920.0,0.0,0.0,1010.0
2023-09-03,ER,640980.0,107790.0,0.0,2160.0,0.0,0.0,1170.0
2023-09-04,ER,644880.0,120810.0,0.0,1730.0,0.0,0.0,1190.0
2023-09-05,ER,664490.0,122180.0,0.0,1920.0,0.0,0.0,1210.0
2023-09-06,ER,679880.0,118790.0,0.0,5180.0,0.0,0.0,1960.0
2023-09-07,ER,645930.0,113690.0,0.0,5650.0,0.0,0.0,1280.0
2023-09-08,ER,642630.0,124590.0,0.0,1470.0,0.0,0.0,1250.0
2023-09-09,ER,631960.0,128169.99999999999,0.0,2190.0,0.0,0.0,1330.0
2023-09-10,ER,620910.0,122430.0,0.0,2600.0,0.0,0.0,1340.0
2023-09-11,ER,669020.0,120210.0,0.0,2580.0,0.0,0.0,1260.0
2023-09-12,ER,695020.0,122750.0,0.0,1790.0,0.0,0.0,1240.0
2023-09-13,ER,689190.0,115320.0,0.0,1970.0,0.0,0.0,1260.0
2023-09-14,ER,681270.0,112910.0,0.0,4380.0,0.0,0.0,1310.0
2023-09-15,ER,688780.0,112370.0,0.0,4950.0,0.0,0.0,1280.0
2023-09-16,ER,688160.0,101960.0,0.0,4750.0,0.0,0.0,1890.0
2023-09-17,ER,625830.0,101980.0,0.0,2870.0,0.0,0.0,1160.0
2023-09-18,ER,635280.0,97210.0,0.0,2600.0,0.0,0.0,1340.0
2023-09-19,ER,644670.0,96100.0,0.0,2540.0,0.0,0.0,1290.0
2023-09-20,ER,661250.0,97030.0,0.0,1650.0,0.0,0.0,1570.0
2023-09-21,ER,665760.0,116860.0,0.0,1400.0,0.0,0.0,1620.0
2023-09-22,ER,684750.0,121000.0,0.0,4059.9999999999995,0.0,0.0,1570.0
2023-09-23,ER,633770.0,136410.0,0.0,4330.0,0.0,0.0,1600.0
2023-09-24,ER,601020.0,129169.99999999999,0.0,1700.0,0.0,0.0,1620.0
2023-09-25,ER,614010.0,125610.0,0.0,2580.0,0.0,0.0,2350.0
2023-09-26,ER,664120.0,123440.0,0.0,2550.0,0.0,0.0,1590.0
2023-09-27,ER,669770.0,118200.0,0.0,2540.0,0.0,0.0,1590.0
2023-09-28,ER,665610.0,115080.0,0.0,2290.0,0.0,0.0,1650.0
2023-09-29,ER,660660.0,106640.0,0.0,2490.0,0.0,0.0,1740.0
2023-09-30,ER,629400.0,100480.0,0.0,5200.0,0.0,0.0,1630.0
2023-10-01,ER,631349.9999999999,99440.0,0.0,4940.0,0.0,0.0,1610.0
2023-10-02,ER,609070.0,113460.0,0.0,1690.0,0.0,0.0,1720.0
2023-10-03,ER,618750.0,126960.0,0.0,1730.0,0.0,0.0,2080.0
2023-10-04,ER,616880.0,83920.0,0.0,1990.0,0.0,0.0,1630.0
2023-10-05,ER,599130.0,92790.0,0.0,2320.0,0.0,0.0,1620.0
2023-10-06,ER,591160.0,90010.0,0.0,2430.0,0.0,0.0,1510.0
2023-10-07,ER,589510.0,86410.0,0.0,2770.0,0.0,0.0,1460.0
2023-10-08,ER,620040.0,84170.0,0.0,5210.0,0.0,0.0,1530.0
2023-10-09,ER,641400.0,80650.0,0.0,5360.0,0.0,0.0,1380.0
2023-10-10,ER,649250.0,79210.0,0.0,2790.0,0.0,0.0,1540.0
2023-10-11,ER,663730.0,75040.0,0.0,3000.0,0.0,0.0,1940.0
2023-10-12,ER,663190.0,74240.0,0.0,2950.0,0.0,0.0,1280.0
2023-10-13,ER,663370.0,74730.0,0.0,2910.0,0.0,0.0,1120.0
2023-10-14,ER,680370.0,62170.0,0.0,2790.0,0.0,0.0,840.0
2023-10-15,ER,670220.0,60190.0,0.0,2850.0,0.0,0.0,890.0
2023-10-16,ER,672580.0,62940.0,0.0,5430.0,0.0,0.0,1010.0
2023-10-17,ER,616740.0,65340.0,0.0,5340.0,0.0,0.0,1000.0
2023-10-18,ER,609800.0,59980.0,0.0,2680.0,0.0,0.0,1550.0
2023-10-19,ER,641440.0,59980.0,0.0,2880.0,0.0,0.0,1450.0
2023-10-20,ER,644980.0,57080.0,0.0,2810.0,0.0,0.0,1020.0
2023-10-21,ER,667250.0,46130.0,0.0,2910.0,0.0,0.0,930.0
2023-10-22,ER,666990.0,49690.0,0.0,2810.0,0.0,0.0,1030.0
2023-10-23,ER,654500.0,45950.0,0.0,2630.0,0.0,0.0,1100.0
2023-10-24,ER,627770.0,45140.0,0.0,5700.0,0.0,0.0,1730.0
2023-10-25,ER,666890.0,44450.0,0.0,5280.0,0.0,0.0,1050.0
2023-10-26,ER,690000.0,45070.0,0.0,2920.0,0.0,0.0,1720.0
2023-10-27,ER,675670.0,42280.0,0.0,3270.0,0.0,0.0,1270.0
2023-10-28,ER,664360.0,44490.0,0.0,2810.0,0.0,0.0,1030.0
2023-10-29,ER,651460.0,38150.0,0.0,2900.0,0.0,0.0,940.0
2023-10-30,ER,671900.0,44510.0,0.0,2640.0,0.0,0.0,800.0
2023-10-31,ER,673250.0,45300.0,0.0,2710.0,0.0,0.0,830.0
2023-11-01,ER,680580.0,45200.0,0.0,5080.0,0.0,0.0,1760.0
2023-11-02,ER,694210.0,39390.0,0.0,5240.0,0.0,0.0,1200.0
2023-11-03,ER,709350.0,42270.0,0.0,2970.0,0.0,0.0,2170.0
2023-11-04,ER,702380.0,35700.0,0.0,3010.0,0.0,0.0,1820.0
2023-11-05,ER,668470.0,33900.0,0.0,2630.0,0.0,0.0,1110.0
2023-11-06,ER,673390.0,32950.0,0.0,2620.0,0.0,0.0,1020.0
2023-11-07,ER,656000.0,37450.0,0.0,2910.0,0.0,0.0,1130.0
2023-11-08,ER,653820.0,32000.0,0.0,3230.0,0.0,0.0,950.0
2023-11-09,ER,678910.0,34590.0,0.0,6200.0,0.0,0.0,1040.0
2023-11-10,ER,662930.0,31770.0,0.0,5240.0,0.0,0.0,1800.0
2023-11-11,ER,637640.0,23460.0,0.0,2620.0,0.0,0.0,1120.0
2023-11-12,ER,583400.0,18740.0,0.0,2480.0,0.0,0.0,1960.0
2023-11-13,ER,584720.0,17690.0,0.0,2690.0,0.0,0.0,1240.0
2023-11-14,ER,619490.0,20110.0,0.0,2390.0,0.0,0.0,1140.0
2023-11-15,ER,638880.0,23000.0,0.0,2550.0,0.0,0.0,1570.0
2023-11-16,ER,654720.0,20290.0,0.0,2520.0,0.0,0.0,1210.0
2023-11-17,ER,668250.0,23520.0,0.0,5290.0,0.0,0.0,1940.0
2023-11-18,ER,697430.0,22600.0,0.0,5240.0,0.0,0.0,1400.0
2023-11-19,ER,689870.0,19540.0,0.0,2530.0,0.0,0.0,1910.0
2023-11-20,ER,681840.0,21400.0,0.0,2350.0,0.0,0.0,1790.0
2023-11-21,ER,680100.0,22040.0,0.0,2450.0,0.0,0.0,1390.0
2023-11-22,ER,680660.0,22860.0,0.0,2550.0,0.0,0.0,1390.0
2023-11-23,ER,685180.0,23520.0,0.0,2310.0,0.0,0.0,1220.0
2023-11-24,ER,679600.0,19180.0,0.0,2130.0,0.0,0.0,1400.0
2023-11-25,ER,646620.0,18620.0,0.0,5080.0,0.0,0.0,2150.0
2023-11-26,ER,614850.0,14280.0,0.0,5240.0,0.0,0.0,2290.0
2023-11-27,ER,635190.0,15970.0,0.0,2310.0,0.0,0.0,1610.0
2023-11-28,ER,641900.0,17780.0,0.0,2520.0,0.0,0.0,2310.0
2023-11-29,ER,648850.0,18640.0,0.0,2870.0,0.0,0.0,1570.0
2023-11-30,ER,629920.0,18800.0,0.0,2910.0,0.0,0.0,730.0
2023-12-01,ER,635890.0,15190.0,0.0,2080.0,0.0,0.0,1260.0
2023-12-02,ER,627490.0,16000.0,0.0,2230.0,0.0,0.0,1280.0
2023-12-03,ER,586350.0,18610.0,0.0,4630.0,0.0,0.0,2200.0
2023-12-04,ER,597960.0,16230.0,0.0,4480.0,0.0,0.0,1940.0
2023-12-05,ER,610810.0,12940.0,0.0,3430.0,0.0,0.0,2080.0
2023-12-06,ER,611190.0,16450.0,0.0,600.0,0.0,0.0,2009.9999999999998
2023-12-07,ER,625740.0,17310.0,0.0,1100.0,0.0,0.0,1690.0
2023-12-08,ER,634830.0,18030.0,0.0,1710.0,0.0,0.0,1550.0
2023-12-09,ER,633840.0,19050.0,0.0,2150.0,0.0,0.0,1680.0
2023-12-10,ER,585940.0,20370.0,0.0,2250.0,0.0,0.0,1450.0
2023-12-11,ER,598780.0,21340.0,0.0,5680.0,0.0,0.0,2160.0
2023-12-12,ER,619900.0,21140.0,0.0,5580.0,0.0,0.0,2460.0
2023-12-13,ER,609220.0,20600.0,0.0,2880.0,0.0,0.0,2560.0
2023-12-14,ER,606540.0,19290.0,0.0,3070.0,0.0,0.0,2470.0
2023-12-15,ER,641290.0,17810.0,0.0,2710.0,0.0,0.0,1530.0
2023-12-16,ER,591200.0,18670.0,0.0,2650.0,0.0,0.0,2290.0
2023-12-17,ER,571400.0,12260.0,0.0,2600.0,0.0,0.0,2140.0
2023-12-18,ER,602110.0,15090.0,0.0,2710.0,0.0,0.0,1630.0
2023-12-19,ER,619500.0,17300.0,0.0,5670.0,0.0,0.0,2070.0
2023-12-20,ER,634650.0,16680.0,0.0,5550.0,0.0,0.0,2090.0
2023-12-21,ER,623660.0,20680.0,0.0,2910.0,0.0,0.0,2130.0
2023-12-22,ER,628480.0,18620.0,0.0,3090.0,0.0,0.0,2050.0
2023-12-23,ER,606190.0,19970.0,0.0,1850.0,0.0,0.0,1530.0
2023-12-24,ER,594290.0,17410.0,0.0,2330.0,0.0,0.0,1800.0
2023-12-25,ER,599420.0,17940.0,0.0,2300.0,0.0,0.0,1740.0
2023-12-26,ER,625580.0,16350.000000000002,0.0,2320.0,0.0,0.0,1810.0
2023-12-27,ER,628550.0,14880.0,0.0,5250.0,0.0,0.0,2380.0
2023-12-28,ER,607940.0,14740.0,0.0,5380.0,0.0,0.0,2350.0
2023-12-29,ER,604590.0,15630.0,0.0,3310.0,0.0,0.0,1920.0
2023-12-30,ER,617230.0,15750.0,0.0,3090.0,0.0,0.0,2240.0
2023-12-31,ER,611850.0,12880.0,0.0,2350.0,0.0,0.0,23280.0
2024-01-01,ER,618850.0,14130.0,0.0,2120.0,0.0,0.0,1310.0
2024-01-02,ER,636780.0,9240.0,0.0,2460.0,0.0,0.0,1270.0
2024-01-03,ER,636540.0,16400.0,0.0,2560.0,0.0,0.0,1670.0
2024-01-04,ER,636110.0,16149.999999999998,0.0,5290.0,0.0,0.0,2350.0
2024-01-05,ER,642410.0,17570.0,0.0,4760.0,0.0,0.0,2370.0
2024-01-06,ER,618230.0,15930.0,0.0,5120.0,0.0,0.0,2420.0
2024-01-07,ER,576290.0,15110.0,0.0,5350.0,0.0,0.0,2180.0
2024-01-08,ER,601540.0,16000.0,0.0,2270.0,0.0,0.0,1560.0
2024-01-09,ER,600420.0,18360.0,0.0,4900.0,0.0,0.0,1530.0
2024-01-10,ER,607070.0,20000.0,0.0,2380.0,0.0,0.0,1550.0
2024-01-11,ER,622270.0,16000.0,0.0,2260.0,0.0,0.0,1470.0
2024-01-12,ER,646370.0,18040.0,0.0,5530.0,0.0,0.0,2200.0
2024-01-13,ER,657030.0,19620.0,0.0,4750.0,0.0,0.0,2090.0
2024-01-14,ER,658570.0,18700.0,0.0,5290.0,0.0,0.0,2250.0
2024-01-15,ER,649560.0,20750.0,0.0,5120.0,0.0,0.0,2110.0
2024-01-16,ER,644370.0,22210.0,0.0,3079.0,0.0,0.0,1341.0
2024-01-17,ER,642250.0,23570.0,0.0,4520.0,0.0,0.0,1500.0
2024-01-18,ER,670980.0,23130.0,0.0,1700.0,0.0,0.0,1420.0
2024-01-19,ER,687560.0,25000.0,0.0,2070.0,0.0,0.0,1370.0
2024-01-20,ER,683950.0,23590.0,0.0,4660.0,0.0,0.0,2460.0
2024-01-21,ER,683610.0,21370.0,0.0,4670.0,0.0,0.0,2380.0
2024-01-22,ER,665740.0,24040.0,0.0,4260.0,0.0,0.0,1760.0
2024-01-23,ER,668210.0,24030.0,0.0,4680.0,0.0,0.0,2330.0
2024-01-24,ER,678120.0,24230.0,0.0,1620.0,0.0,0.0,1780.0
2024-01-25,ER,667160.0,25930.0,0.0,2050.0,0.0,0.0,1870.0
2024-01-26,ER,648670.0,23510.0,0.0,2610.0,0.0,0.0,1930.0
2024-01-27,ER,650290.0,23650.0,0.0,2660.0,0.0,0.0,1880.0
2024-01-28,ER,660370.0,21960.0,0.0,5230.0,0.0,0.0,1810.0
2024-01-29,ER,661530.0,24000.0,0.0,6060.0,0.0,0.0,2270.0
2024-01-30,ER,639950.0,23710.0,0.0,5310.0,0.0,0.0,1720.0
2024-01-31,ER,661030.0,22220.0,0.0,5140.0,0.0,0.0,1890.0
2024-02-01,ER,655770.0,22169.999999999996,0.0,2460.0,0.0,0.0,1760.0
2024-02-02,ER,670930.0,23840.0,0.0,2280.0,0.0,0.0,1750.0
2024-02-03,ER,689520.0,22520.0,0.0,2850.0,0.0,0.0,1590.0
2024-02-04,ER,667390.0,18730.0,0.0,2890.0,0.0,0.0,1750.0
2024-02-05,ER,676020.0,22360.0,0.0,5770.0,0.0,0.0,2470.0
2024-02-06,ER,698470.0,23500.0,0.0,5400.0,0.0,0.0,2430.0
2024-02-07,ER,694060.0,21630.0,0.0,5320.0,0.0,0.0,2400.0
2024-02-08,ER,672270.0,21460.0,0.0,6020.0,0.0,0.0,2220.0
2024-02-09,ER,672370.0,22170.0,0.0,3020.0,0.0,0.0,1820.0
2024-02-10,ER,667220.0,21460.0,0.0,2960.0,0.0,0.0,1780.0
2024-02-11,ER,636930.0,19540.0,0.0,2790.0,0.0,0.0,1650.0
2024-02-12,ER,652300.0,24080.0,0.0,2570.0,0.0,0.0,1660.0
2024-02-13,ER,656270.0,23050.0,0.0,5540.0,0.0,0.0,2490.0
2024-02-14,ER,664330.0,21250.0,0.0,5070.0,0.0,0.0,2060.0
2024-02-15,ER,678840.0,19820.0,0.0,5160.0,0.0,0.0,2270.0
2024-02-16,ER,694870.0,19640.0,0.0,5840.0,0.0,0.0,1900.0
2024-02-17,ER,699590.0,21030.0,0.0,5480.0,0.0,0.0,1853.0
2024-02-18,ER,673840.0,17760.0,0.0,3030.0,0.0,0.0,1900.0
2024-02-19,ER,683740.0,16980.0,0.0,3160.0,0.0,0.0,1880.0
2024-02-20,ER,742250.0,18250.0,0.0,2850.0,0.0,0.0,1900.0
2024-02-21,ER,750870.0,20260.0,0.0,5960.0,0.0,0.0,2480.0
2024-02-22,ER,734030.0,24140.0,0.0,5660.0,0.0,0.0,3280.0
2024-02-23,ER,738070.0,21230.0,0.0,2230.0,0.0,0.0,2510.0
2024-02-24,ER,758560.0,19180.0,0.0,3220.0,0.0,0.0,2580.0
2024-02-25,ER,706190.0,12469.999999999998,0.0,2849.0,0.0,0.0,1851.0
2024-02-26,ER,733900.0,18050.0,0.0,2550.0,0.0,0.0,1820.0
2024-02-27,ER,704500.0,18740.0,0.0,2750.0,0.0,0.0,1790.0
2024-02-28,ER,710710.0,20279.999999999996,0.0,2960.0,0.0,0.0,1610.0
2024-02-29,ER,730030.0,18020.0,0.0,6370.0,0.0,0.0,2170.0
2024-03-01,ER,710880.0,18960.0,0.0,6090.0,0.0,0.0,2050.0
2024-03-02,ER,667930.0,13860.0,0.0,3080.0,0.0,0.0,2460.0
2024-03-03,ER,637370.0,14540.0,0.0,2490.0,0.0,0.0,2340.0
2024-03-04,ER,678148.0,13690.0,0.0,3120.0,0.0,0.0,1820.0
2024-03-05,ER,698940.0,13910.0,0.0,3410.0,0.0,0.0,1590.0
2024-03-06,ER,708180.0,18220.0,0.0,2970.0,0.0,0.0,1870.0
2024-03-07,ER,684970.0,18460.0,0.0,3020.0,0.0,0.0,1800.0
2024-03-08,ER,680890.0,18320.0,0.0,5130.0,0.0,0.0,1800.0
2024-03-09,ER,683280.0,20020.0,0.0,5730.0,0.0,0.0,2310.0
2024-03-10,ER,694620.0,15920.0,0.0,6010.0,0.0,0.0,2330.0
2024-03-11,ER,719790.0,17590.0,0.0,6570.0,0.0,0.0,1770.0
2024-03-12,ER,719812.695,20350.0,0.0,3550.0,0.0,0.0,750.0
2024-03-13,ER,707260.0,18980.0,0.0,3310.0,0.0,0.0,2020.0
2024-03-14,ER,723125.0,20500.0,0.0,2970.0,0.0,0.0,2070.0
2024-03-15,ER,724099.9999999999,20310.0,0.0,3020.0,0.0,0.0,1900.0
2024-03-16,ER,717900.0,16790.0,0.0,2890.0,0.0,0.0,2140.0
2024-03-17,ER,707150.0,18890.0,0.0,2270.0,0.0,0.0,1960.0
2024-03-18,ER,751560.0,17410.0,0.0,2000.0,0.0,0.0,2210.0
2024-03-19,ER,740560.0,15730.0,0.0,3240.0,0.0,0.0,1870.0
2024-03-20,ER,701370.0,14000.0,0.0,1960.0,0.0,0.0,-7900.0
2024-03-21,ER,702470.0,17570.0,0.0,2850.0,0.0,0.0,1090.0
2024-03-22,ER,719130.0,19430.0,0.0,3970.0,0.0,0.0,1270.0
2024-03-23,ER,727550.0,18710.0,0.0,3040.0,0.0,0.0,1400.0
2024-03-24,ER,715520.0,16620.0,0.0,3430.0,0.0,0.0,1510.0
2024-03-25,ER,669210.0,16239.999999999998,0.0,3210.0,0.0,0.0,1830.0
2024-03-26,ER,698750.0,20910.0,0.0,3270.0,0.0,0.0,1530.0
2024-03-27,ER,737140.0,23000.0,0.0,3340.0,0.0,0.0,1520.0
2024-03-28,ER,706000.0,22000.0,0.0,2840.0,0.0,0.0,1180.0
2024-03-29,ER,727890.0,19040.0,0.0,2920.0,0.0,0.0,1220.0
2024-03-30,ER,741970.0,21940.0,0.0,2550.0,0.0,0.0,1180.0
2024-03-31,ER,715410.0,20850.0,0.0,2580.0,0.0,0.0,1260.0
2024-04-01,ER,714510.0,19580.0,0.0,3400.0,0.0,0.0,1240.0
2024-04-02,ER,712980.0,25490.0,0.0,3700.0,0.0,0.0,1940.0
2024-04-03,ER,698630.0,23830.0,0.0,3030.0,0.0,0.0,1710.0
2024-04-04,ER,711070.0,24620.0,0.0,3040.0,0.0,0.0,1600.0
2024-04-05,ER,715800.0,23480.0,0.0,3210.0,0.0,0.0,1030.0
2024-04-06,ER,733910.0,27740.0,0.0,3050.0,0.0,0.0,990.0
2024-04-07,ER,714580.0,18470.0,0.0,2240.0,0.0,0.0,990.0
2024-04-08,ER,730180.0000000001,18380.0,0.0,2200.0,0.0,0.0,980.0
2024-04-09,ER,746710.0,19000.0,0.0,1990.0,0.0,0.0,1070.0
2024-04-10,ER,749270.0,17190.0,0.0,2520.0,0.0,0.0,1610.0
2024-04-11,ER,717500.0,15740.0,0.0,1270.0,0.0,0.0,2040.0
2024-04-12,ER,723060.0,15850.0,0.0,2620.0,0.0,0.0,1600.0
2024-04-13,ER,732890.0000000001,19230.0,0.0,2750.0,0.0,0.0,1690.0
2024-04-14,ER,693200.0,21190.0,0.0,2870.0,0.0,0.0,970.0
2024-04-15,ER,725310.0,24790.0,0.0,3360.0,0.0,0.0,680.0
2024-04-16,ER,722400.0,24540.0,0.0,3040.0,0.0,0.0,800.0
2024-04-17,ER,721710.0,34670.0,0.0,3360.0,0.0,0.0,1050.0
2024-04-18,ER,726560.0,31140.0,0.0,3140.0,0.0,0.0,1610.0
2024-04-19,ER,719350.0,30990.0,0.0,3980.0,0.0,0.0,1660.0
2024-04-20,ER,741060.0,29270.0,0.0,3590.0,0.0,0.0,1650.0
2024-04-21,ER,719950.0,29870.0,0.0,3390.0,0.0,0.0,950.0
2024-04-22,ER,737150.0,28160.0,0.0,2870.0,0.0,0.0,1160.0
2024-04-23,ER,732850.0,23750.0,0.0,3770.0,0.0,0.0,1460.0
2024-04-24,ER,737660.0,24220.0,0.0,3340.0,0.0,0.0,1300.0
2024-04-25,ER,752860.0,24160.0,0.0,3480.0,0.0,0.0,1360.0
2024-04-26,ER,727950.0,25660.0,0.0,3610.0,0.0,0.0,1530.0
2024-04-27,ER,715900.0,28370.0,0.0,3800.0,0.0,0.0,840.0
2024-04-28,ER,707630.0,26410.0,0.0,3260.0,0.0,0.0,980.0
2024-04-29,ER,725270.0,29600.0,0.0,3380.0,0.0,0.0,1230.0
2024-04-30,ER,717650.0,30350.0,0.0,3620.0,0.0,0.0,1020.0
2024-05-01,ER,673320.0,25410.0,0.0,3080.0,0.0,0.0,960.0
2024-05-02,ER,689350.0,24030.0,0.0,3240.0,0.0,0.0,800.0
2024-05-03,ER,700170.0,26030.0,0.0,3960.0,0.0,0.0,1960.0
2024-05-04,ER,729330.0,28130.0,0.0,3570.0,0.0,0.0,1470.0
2024-05-05,ER,716330.0,26800.0,0.0,3650.0,0.0,0.0,1490.0
2024-05-06,ER,739600.0,22390.0,0.0,3620.0,0.0,0.0,1610.0
2024-05-07,ER,693720.0,18880.0,0.0,2500.0,0.0,0.0,1040.0
2024-05-08,ER,682590.0,20720.0,0.0,3850.0,0.0,0.0,1090.0
2024-05-09,ER,686240.0,18930.0,0.0,2880.0,0.0,0.0,1160.0
2024-05-10,ER,694940.0,13700.0,0.0,3220.0,0.0,0.0,1020.0
2024-05-11,ER,703530.0,18820.0,0.0,3330.0,0.0,0.0,1310.0
2024-05-12,ER,696230.0,16970.0,0.0,3500.0,0.0,0.0,1240.0
2024-05-13,ER,714180.0,18470.0,0.0,3420.0,0.0,0.0,1430.0
2024-05-14,ER,696080.0,25390.0,0.0,4150.0,0.0,0.0,1390.0
2024-05-15,ER,705340.0,22910.0,0.0,3920.0,0.0,0.0,720.0
2024-05-16,ER,731710.0,26550.0,0.0,2920.0,0.0,0.0,810.0
2024-05-17,ER,745340.0,21740.0,0.0,2950.0,0.0,0.0,690.0
2024-05-18,ER,734150.0,21710.0,0.0,3110.0,0.0,0.0,730.0
2024-05-19,ER,718400.0,25610.0,0.0,3910.0,0.0,0.0,1620.0
2024-05-20,ER,713910.0,25850.0,0.0,4120.0,0.0,0.0,1020.0
2024-05-21,ER,706620.0,28020.0,0.0,3770.0,0.0,0.0,1380.0
2024-05-22,ER,727350.0,26090.0,0.0,3850.0,0.0,0.0,1290.0
2024-05-23,ER,720720.0,28250.0,0.0,3750.0,0.0,0.0,790.0
2024-05-24,ER,753880.0,28330.0,0.0,3860.0,0.0,0.0,690.0
2024-05-25,ER,707270.0,28100.0,0.0,3470.0,0.0,0.0,870.0
2024-05-26,ER,655400.0,28740.0,0.0,3080.0,0.0,0.0,850.0
2024-05-27,ER,657760.0,31900.0,0.0,2850.0,0.0,0.0,1090.0
2024-05-28,ER,683420.0,33200.0,0.0,3760.0,0.0,0.0,880.0
2024-05-29,ER,695090.0,41580.0,0.0,3660.0,0.0,0.0,880.0
2024-05-30,ER,721360.0,32549.999999999996,0.0,3450.0,0.0,0.0,790.0
2024-05-31,ER,687610.0,30030.0,0.0,3250.0,0.0,0.0,890.0
2024-06-01,ER,695480.0,30890.0,0.0,2980.0,0.0,0.0,650.0
2024-06-02,ER,707280.0,27660.0,0.0,3080.0,0.0,0.0,750.0
2024-06-03,ER,726670.0,33190.0,0.0,3830.0,0.0,0.0,1120.0
2024-06-04,ER,719850.0,37350.0,0.0,3890.0,0.0,0.0,1050.0
2024-06-05,ER,710650.0,39900.0,0.0,3900.0,0.0,0.0,1340.0
2024-06-06,ER,702080.0,31200.0,0.0,4010.0,0.0,0.0,1530.0
2024-06-07,ER,743380.0,30230.0,0.0,4000.0,0.0,0.0,1640.0
2024-06-08,ER,730270.0,34660.0,0.0,3250.0,0.0,0.0,990.0
2024-06-09,ER,693970.0,31330.0,0.0,4170.0,0.0,0.0,34570.0
2024-06-10,ER,723360.0,34640.0,0.0,3610.0,0.0,0.0,1230.0
2024-06-11,ER,706480.0,29380.0,0.0,3500.0,0.0,0.0,1530.0
2024-06-12,ER,704210.0,35490.0,0.0,3360.0,0.0,0.0,1580.0
2024-06-13,ER,714540.0,37390.0,0.0,3460.0,0.0,0.0,1580.0
2024-06-14,ER,728900.0,47300.0,0.0,2380.0,0.0,0.0,1360.0
2024-06-15,ER,718280.0,47380.0,0.0,3630.0,0.0,0.0,1410.0
2024-06-16,ER,727190.0,52950.0,0.0,2940.0,0.0,0.0,800.0
2024-06-17,ER,751824.0,61520.0,0.0,4070.0000000000005,0.0,0.0,770.0
2024-06-18,ER,739860.0,51920.0,0.0,3280.0,0.0,0.0,1060.0
2024-06-19,ER,719920.0,50100.0,0.0,3140.0,0.0,0.0,1000.0
2024-06-20,ER,649650.0,53750.0,0.0,3230.0,0.0,0.0,1510.0
2024-06-21,ER,704560.0,57520.0,0.0,2170.0,0.0,0.0,1450.0
2024-06-22,ER,713180.0,54330.0,0.0,2440.0,0.0,0.0,1390.0
2024-06-23,ER,698110.0,53760.0,0.0,3310.0,0.0,0.0,1630.0
2024-06-24,ER,719090.0,59150.0,0.0,3240.0,0.0,0.0,1000.0
2024-06-25,ER,724652.0,66630.0,0.0,2980.0,0.0,0.0,850.0
2024-06-26,ER,734555.0,63600.0,0.0,3010.0,0.0,0.0,930.0
2024-06-27,ER,710133.0,60560.0,0.0,2940.0,0.0,0.0,1280.0
2024-06-28,ER,724640.0,57710.0,0.0,2420.0,0.0,0.0,2009.9999999999998
2024-06-29,ER,703310.0,61970.0,0.0,2350.0,0.0,0.0,2080.0
2024-06-30,ER,647920.0,63840.0,0.0,2440.0,0.0,0.0,1880.0
2024-07-01,ER,685570.0,63330.0,0.0,2560.0,0.0,0.0,1860.0
2024-07-02,ER,653540.0,64430.00000000001,0.0,2530.0,0.0,0.0,1190.0
2024-07-03,ER,631791.0,67010.0,0.0,1390.0,0.0,0.0,1220.0
2024-07-04,ER,647647.0,67850.0,0.0,2460.0,0.0,0.0,1150.0
2024-07-05,ER,631031.0,71210.0,0.0,2330.0,0.0,0.0,1190.0
2024-07-06,ER,599580.0,68600.0,0.0,2480.0,0.0,0.0,1750.0
2024-07-07,ER,604500.0,73950.0,0.0,2920.0,0.0,0.0,1810.0
2024-07-08,ER,681250.0,80790.0,0.0,3780.0,0.0,0.0,1760.0
2024-07-09,ER,701716.0,75120.0,0.0,3590.0,0.0,0.0,1840.0
2024-07-10,ER,710510.0,72510.0,0.0,3340.0,0.0,0.0,1400.0
2024-07-11,ER,692000.0,94700.0,0.0,3010.0,0.0,0.0,1230.0
2024-07-12,ER,644736.0,71670.0,0.0,1640.0,0.0,0.0,1280.0
2024-07-13,ER,650420.0,71050.0,0.0,2240.0,0.0,0.0,1280.0
2024-07-14,ER,642550.0,69580.0,0.0,7040.0,0.0,0.0,1090.0
2024-07-15,ER,701900.0,68910.0,0.0,2600.0,0.0,0.0,1630.0
2024-07-16,ER,697770.0,73050.0,0.0,2900.0,0.0,0.0,2029.9999999999998
2024-07-17,ER,708570.0,80340.0,0.0,2870.0,0.0,0.0,1960.0
2024-07-18,ER,700045.0,78530.0,0.0,2920.0,0.0,0.0,1410.0
2024-07-19,ER,678580.0,76930.0,0.0,2970.0,0.0,0.0,1460.0
2024-07-20,ER,682990.0,78050.0,0.0,2050.0,0.0,0.0,1870.0
2024-07-21,ER,655560.0,78760.0,0.0,1960.0,0.0,0.0,1460.0
2024-07-22,ER,697660.0,71000.0,0.0,1510.0,0.0,0.0,1830.0
2024-07-23,ER,694360.0,78590.0,0.0,1250.0,0.0,0.0,2150.0
2024-07-24,ER,678900.0,73920.0,0.0,1380.0,0.0,0.0,2230.0
2024-07-25,ER,681320.0,77540.0,0.0,1490.0,0.0,0.0,2220.0
2024-07-26,ER,678750.0,78670.0,0.0,2240.0,0.0,0.0,1570.0
2024-07-27,ER,670490.0,79080.0,0.0,1960.0,0.0,0.0,1460.0
2024-07-28,ER,652370.0,79930.0,0.0,2490.0,0.0,0.0,1730.0
2024-07-29,ER,687070.0,81370.0,0.0,2220.0,0.0,0.0,1600.0
2024-07-30,ER,684491.0,84180.0,0.0,2680.0,0.0,0.0,2340.0
2024-07-31,ER,676518.0,79960.0,0.0,2220.0,0.0,0.0,2190.0
2024-08-01,ER,605766.0,74040.0,0.0,1770.0,0.0,0.0,2240.0
2024-08-02,ER,580580.0,69550.0,0.0,1470.0,0.0,0.0,2240.0
2024-08-03,ER,569058.0,77860.0,0.0,2250.0,0.0,0.0,1670.0
2024-08-04,ER,571490.0,85670.0,0.0,2890.0,0.0,0.0,1640.0
2024-08-06,ER,672138.0,82870.0,0.0,1710.0,0.0,0.0,1900.0
2024-08-07,ER,630660.0,71090.0,0.0,1820.0,0.0,0.0,1990.0
2024-08-08,ER,614440.0,86170.0,0.0,2620.0,0.0,0.0,2009.9999999999998
2024-08-09,ER,644100.0,87090.0,0.0,2420.0,0.0,0.0,2110.0
2024-08-10,ER,632010.0,88160.0,0.0,2740.0,0.0,0.0,2180.0
2024-08-11,ER,594260.0,84310.0,0.0,2740.0,0.0,0.0,1590.0
2024-08-12,ER,646570.0,84180.0,0.0,2830.0,0.0,0.0,1690.0
2024-08-13,ER,683890.0,89620.0,0.0,2940.0,0.0,0.0,2280.0
2024-08-14,ER,699350.0,89994.0,0.0,2580.0,0.0,0.0,1640.0
2024-08-15,ER,632750.0,86260.0,0.0,9080.0,0.0,0.0,1550.0
2024-08-16,ER,681740.0,88100.0,0.0,2630.0,0.0,0.0,2280.0
2024-08-17,ER,677550.0,90240.0,0.0,3020.0,0.0,0.0,2210.0
2024-08-18,ER,649490.0,90420.0,0.0,2850.0,0.0,0.0,2070.0
2024-08-19,ER,666070.0,85710.0,0.0,2930.0,0.0,0.0,1510.0
2024-08-20,ER,672510.0,91440.0,0.0,2850.0,0.0,0.0,1480.0
2024-08-21,ER,682080.0,93100.0,0.0,3300.0,0.0,0.0,1820.0
2024-08-22,ER,689070.0,86000.0,0.0,2180.0,0.0,0.0,1650.0
2024-08-23,ER,642330.0,92500.0,0.0,1940.0,0.0,0.0,1480.0
2024-08-24,ER,627660.0,88490.0,0.0,2310.0,0.0,0.0,1910.0
2024-08-25,ER,570510.0,85960.0,0.0,2580.0,0.0,0.0,2040.0
2024-08-26,ER,588710.0,90200.0,0.0,2620.0,0.0,0.0,2110.0
2024-08-27,ER,594380.0,80420.0,0.0,2180.0,0.0,0.0,1540.0
2024-08-28,ER,629740.0,79350.0,0.0,2470.0,0.0,0.0,1560.0
2024-08-29,ER,628770.0,79340.0,0.0,1890.0,0.0,0.0,1640.0
2024-08-30,ER,660840.0,80260.0,0.0,3160.0,0.0,0.0,2280.0
2024-08-31,ER,673430.0,82060.0,0.0,3100.0,0.0,0.0,2240.0
2024-09-01,ER,612920.0,86650.0,0.0,2520.0,0.0,0.0,2210.0
2024-09-02,ER,639650.0,89780.0,0.0,3190.0,0.0,0.0,2240.0
2024-09-03,ER,637120.0,92590.0,0.0,3500.0,0.0,0.0,2230.0
2024-09-04,ER,617240.0,91540.0,0.0,3490.0,0.0,0.0,1650.0
2024-09-05,ER,611180.0,89940.0,0.0,2320.0,0.0,0.0,2420.0
2024-09-06,ER,623760.0,92430.0,0.0,3300.0,0.0,0.0,2240.0
2024-09-07,ER,620600.0,92540.0,0.0,3050.0,0.0,0.0,2080.0
2024-09-08,ER,593360.0,88710.0,0.0,2380.0,0.0,0.0,1950.0
2024-09-09,ER,622770.0,90010.0,0.0,1830.0,0.0,0.0,1690.0
2024-09-10,ER,611010.0,91890.0,0.0,2310.0,0.0,0.0,2120.0
2024-09-11,ER,617370.0,92900.0,0.0,3080.0,0.0,0.0,2340.0
2024-09-12,ER,630070.0,94630.0,0.0,2990.0,0.0,0.0,1640.0
2024-09-13,ER,635650.0,92810.0,0.0,2830.0,0.0,0.0,1700.0
2024-09-14,ER,621480.0,93390.0,0.0,1720.0,0.0,0.0,2400.0
2024-09-15,ER,601140.0,95150.0,0.0,2220.0,0.0,0.0,2510.0
2024-09-16,ER,642190.0,98280.0,0.0,1410.0,0.0,0.0,2800.0
2024-09-17,ER,643480.0,101920.0,0.0,1690.0,0.0,0.0,2530.0
2024-09-18,ER,680980.0,93820.0,0.0,3220.0,0.0,0.0,2410.0
2024-09-19,ER,696690.0,91850.0,0.0,3530.0,0.0,0.0,2510.0
2024-09-20,ER,730130.0,93010.0,0.0,3520.0,0.0,0.0,1820.0
2024-09-21,ER,711870.0,95380.0,0.0,3220.0,0.0,0.0,1810.0
2024-09-22,ER,694970.0,94770.0,0.0,3180.0,0.0,0.0,2450.0
2024-09-23,ER,703920.0,87950.0,0.0,2920.0,0.0,0.0,2410.0
2024-09-24,ER,728880.0,88640.0,0.0,2550.0,0.0,0.0,2070.0
2024-09-25,ER,706130.0,88580.0,0.0,2000.0,0.0,0.0,2510.0
2024-09-26,ER,676160.0,92790.0,0.0,1880.0,0.0,0.0,2450.0
2024-09-27,ER,674560.0,96210.0,0.0,2340.0,0.0,0.0,2380.0
2024-09-28,ER,699940.0,89400.0,0.0,3830.0,0.0,0.0,1610.0
2024-09-29,ER,697690.0,98510.0,0.0,3230.0,0.0,0.0,1500.0
2024-09-30,ER,732500.0,97350.0,0.0,3570.0,0.0,0.0,2570.0
2024-10-01,ER,735580.0,102750.0,0.0,3300.0,0.0,0.0,2430.0
2024-10-02,ER,718880.0,96890.0,0.0,2850.0,0.0,0.0,2670.0
2024-10-03,ER,740490.0,100430.0,0.0,3090.0,0.0,0.0,2240.0
2024-10-04,ER,740820.0,98880.0,0.0,3320.0,0.0,0.0,2310.0
2024-10-05,ER,746320.0,100670.0,0.0,2820.0,0.0,0.0,2510.0
2024-10-06,ER,716040.0,101830.0,0.0,2730.0,0.0,0.0,1800.0
2024-10-07,ER,755970.0,102550.0,0.0,3010.0,0.0,0.0,1820.0
2024-10-08,ER,763040.0,96900.0,0.0,3010.0,0.0,0.0,2420.0
2024-10-09,ER,759710.0,98490.0,0.0,3440.0,0.0,0.0,2390.0
2024-10-10,ER,744180.0,96170.0,0.0,4059.9999999999995,0.0,0.0,2480.0
2024-10-11,ER,723420.0,96550.0,0.0,3920.0,0.0,0.0,2600.0
2024-10-12,ER,680830.0,90160.0,0.0,3750.0,0.0,0.0,2490.0
2024-10-13,ER,678500.0,86940.0,0.0,3570.0,0.0,0.0,2370.0
2024-10-14,ER,721160.0,85000.0,0.0,3440.0,0.0,0.0,1400.0
2024-10-15,ER,718940.0,83860.0,0.0,3610.0,0.0,0.0,1730.0
2024-10-16,ER,714050.0,85080.0,0.0,3770.0,0.0,0.0,2470.0
2024-10-17,ER,701240.0,79590.0,0.0,3630.0,0.0,0.0,2510.0
2024-10-18,ER,704450.0,85620.0,0.0,3620.0,0.0,0.0,2600.0
2024-10-19,ER,729580.0,79390.0,0.0,3510.0,0.0,0.0,2520.0
2024-10-20,ER,693480.0,76410.0,0.0,2960.0,0.0,0.0,2570.0
2024-10-21,ER,706720.0,75420.0,0.0,2840.0,0.0,0.0,2590.0
2024-10-22,ER,716660.0,72660.0,0.0,3860.0,0.0,0.0,1880.0
2024-10-23,ER,715340.0,66590.0,0.0,3050.0,0.0,0.0,1980.0
2024-10-24,ER,707260.0,61000.0,0.0,4040.0,0.0,0.0,2700.0
2024-10-25,ER,699130.0,64879.99999999999,0.0,2394.0,0.0,0.0,2516.0
2024-10-26,ER,693480.0,64920.0,0.0,1370.0,0.0,0.0,2530.0
2024-10-27,ER,678100.0,62560.0,0.0,1970.0,0.0,0.0,2540.0
2024-10-28,ER,710760.0,60350.0,0.0,2650.0,0.0,0.0,2570.0
2024-10-29,ER,745990.0,56580.0,0.0,2940.0,0.0,0.0,2480.0
2024-10-30,ER,743600.0,60920.0,0.0,3310.0,0.0,0.0,1730.0
2024-10-31,ER,696310.0,46020.0,0.0,2820.0,0.0,0.0,2009.9999999999998
2024-11-01,ER,665000.0,51600.0,0.0,2970.0,0.0,0.0,1760.0
2024-11-02,ER,639140.0,49980.0,0.0,3170.0,0.0,0.0,1670.0
2024-11-03,ER,635190.0,48790.0,0.0,3280.0,0.0,0.0,2450.0
2024-11-04,ER,679150.0,47710.0,0.0,3540.0,0.0,0.0,2390.0
2024-11-05,ER,699900.0,49230.0,0.0,3330.0,0.0,0.0,1810.0
2024-11-06,ER,729060.0,47520.0,0.0,2880.0,0.0,0.0,2150.0
2024-11-07,ER,723030.0,44780.0,0.0,3320.0,0.0,0.0,1800.0
2024-11-08,ER,735310.0,133520.0,0.0,3350.0,0.0,0.0,1380.0
2024-11-09,ER,732090.0,47320.0,0.0,3210.0,0.0,0.0,2220.0
2024-11-10,ER,680570.0,44920.0,0.0,2820.0,0.0,0.0,1520.0
2024-11-11,ER,707050.0,34770.0,0.0,3490.0,0.0,0.0,1540.0
2024-11-12,ER,722560.0,40390.0,0.0,3240.0,0.0,0.0,2190.0
2024-11-13,ER,726420.0,33890.0,0.0,3120.0,0.0,0.0,2120.0
2024-11-14,ER,732060.0,30570.0,0.0,3670.0,0.0,0.0,2070.0
2024-11-15,ER,718750.0,27560.0,0.0,3260.0,0.0,0.0,1580.0
2024-11-16,ER,695970.0,27310.0,0.0,3450.0,0.0,0.0,1590.0
2024-11-17,ER,673240.0,23830.0,0.0,3440.0,0.0,0.0,2200.0
2024-11-18,ER,684990.0,27650.0,0.0,3420.0,0.0,0.0,2220.0
2024-11-19,ER,693480.0,25550.0,0.0,3170.0,0.0,0.0,2070.0
2024-11-20,ER,678990.0,27540.0,0.0,2890.0,0.0,0.0,2450.0
2024-11-21,ER,684890.0,26520.0,0.0,2950.0,0.0,0.0,2790.0
2024-11-22,ER,671810.0,27700.0,0.0,2830.0,0.0,0.0,2200.0
2024-11-23,ER,679880.0,27070.0,0.0,2720.0,0.0,0.0,2210.0
2024-11-24,ER,665340.0,22840.0,0.0,2620.0,0.0,0.0,2410.0
2024-11-25,ER,691100.0,24530.0,0.0,2840.0,0.0,0.0,2990.0
2024-11-26,ER,694050.0,26550.0,0.0,2930.0,0.0,0.0,2700.0
2024-11-27,ER,690150.0,22800.0,0.0,2560.0,0.0,0.0,2970.0
2024-11-28,ER,673290.0,24680.0,0.0,2690.0,0.0,0.0,2940.0
2024-11-29,ER,677674.0,24450.0,0.0,2840.0,0.0,0.0,2980.0
2024-11-30,ER,657090.0,20670.0,0.0,1480.0,0.0,0.0,3030.0
2024-12-01,ER,631190.0,15810.0,0.0,1330.0,0.0,0.0,2180.0
2024-12-02,ER,657760.0,18340.0,0.0,1540.0,0.0,0.0,2370.0
2024-12-03,ER,673450.0,18580.0,0.0,2420.0,0.0,0.0,3110.0
2024-12-04,ER,654900.0,21210.0,0.0,2350.0,0.0,0.0,2980.0
2024-12-05,ER,666330.0,23920.0,0.0,2840.0,0.0,0.0,3190.0
2024-12-06,ER,671590.0,20000.0,0.0,2660.0,0.0,0.0,3170.0
2024-12-07,ER,678610.0,17090.0,0.0,2060.0,0.0,0.0,3060.0
2024-12-08,ER,649580.0,11930.0,0.0,2240.0,0.0,0.0,3270.0
2024-12-09,ER,636680.0,18000.0,0.0,2180.0,0.0,0.0,2140.0
2024-12-10,ER,665140.0,15490.0,0.0,2580.0,0.0,0.0,2250.0
2024-12-11,ER,660970.0,18190.0,0.0,2970.0,0.0,0.0,2860.0
2024-12-12,ER,679010.0,18720.0,0.0,3170.0,0.0,0.0,2970.0
2024-12-13,ER,677260.0,15840.0,0.0,2910.0,0.0,0.0,3210.0
2024-12-14,ER,674410.0,15780.0,0.0,3490.0,0.0,0.0,3040.0
2024-12-15,ER,640770.0,16600.0,0.0,3190.0,0.0,0.0,3050.0
2024-12-16,ER,654360.0,17880.0,0.0,3610.0,0.0,0.0,3330.0
2024-12-17,ER,665460.0,17700.0,0.0,3220.0,0.0,0.0,2420.0
2024-12-18,ER,648700.0,18570.0,0.0,3100.0,0.0,0.0,2440.0
2024-12-19,ER,674380.0,18740.0,0.0,2420.0,0.0,0.0,3010.0
2024-12-20,ER,677570.0,16350.000000000002,0.0,2236.0,0.0,0.0,2674.0
2024-12-21,ER,698800.0,17290.0,0.0,2410.0,0.0,0.0,3280.0
2024-12-22,ER,691760.0,16800.0,0.0,2670.0,0.0,0.0,3270.0
2024-12-23,ER,696840.0,16710.0,0.0,2910.0,0.0,0.0,3220.0
2024-12-24,ER,715200.0,17950.0,0.0,1630.0,0.0,0.0,3090.0
2024-12-25,ER,699330.0,15380.0,0.0,1170.0,0.0,0.0,2340.0
2024-12-26,ER,701760.0,14260.0,0.0,2290.0,0.0,0.0,2450.0
2024-12-27,ER,695090.0,13620.0,0.0,3050.0,0.0,0.0,2280.0
2024-12-28,ER,647770.0,15060.0,0.0,2980.0,0.0,0.0,2450.0
2024-12-29,ER,621670.0,13550.0,0.0,3000.0,0.0,0.0,3330.0
2024-12-30,ER,634050.0,19930.0,0.0,2560.0,0.0,0.0,3370.0
2024-12-31,ER,652150.0,18850.0,0.0,2710.0,0.0,0.0,3510.0
2025-01-01,ER,650590.0,13050.0,0.0,2910.0,0.0,0.0,3820.0
2025-01-02,ER,667650.0,16780.0,0.0,3130.0,0.0,0.0,3010.0
2025-01-03,ER,680060.0,17830.0,0.0,3220.0,0.0,0.0,2810.0
2025-01-04,ER,671680.0,18010.0,0.0,3070.0,0.0,0.0,2960.0
2025-01-05,ER,631080.0,17970.0,0.0,2630.0,0.0,0.0,3500.0
2025-01-06,ER,623560.0,18660.0,0.0,2710.0,0.0,0.0,3320.0
2025-01-07,ER,635870.0,17890.0,0.0,2520.0,0.0,0.0,3410.0
2025-01-08,ER,662280.0,22000.0,0.0,3150.0,0.0,0.0,3290.0
2025-01-09,ER,660620.0,21620.0,0.0,2700.0,0.0,0.0,3230.0
2025-01-10,ER,669040.0,19390.0,0.0,3080.0,0.0,0.0,32750.0
2025-01-11,ER,672130.0,20390.0,0.0,3250.0,0.0,0.0,2580.0
2025-01-12,ER,645600.0,19560.0,0.0,2801.0,0.0,0.0,2439.0
2025-01-13,ER,656200.0,17740.0,0.0,2750.0,0.0,0.0,2380.0
2025-01-14,ER,635630.0,17460.0,0.0,2630.0,0.0,0.0,3100.0
2025-01-15,ER,649010.0,20350.0,0.0,2290.0,0.0,0.0,3340.0
2025-01-16,ER,665180.0,22630.0,0.0,2980.0,0.0,0.0,3250.0
2025-01-17,ER,661340.0,24000.0,0.0,2680.0,0.0,0.0,3360.0
2025-01-18,ER,689750.0,22920.0,0.0,2950.0,0.0,0.0,2690.0
2025-01-19,ER,683220.0,19950.0,0.0,3610.0,0.0,0.0,2830.0
2025-01-20,ER,692770.0,25940.0,0.0,3350.0,0.0,0.0,2790.0
2025-01-21,ER,689090.0,22780.0,0.0,3250.0,0.0,0.0,2390.0
2025-01-22,ER,674650.0,22620.0,0.0,3630.0,0.0,0.0,3210.0
2025-01-23,ER,650590.0,17430.0,0.0,3220.0,0.0,0.0,3320.0
2025-01-24,ER,666120.0,22630.0,0.0,2980.0,0.0,0.0,3250.0
2025-01-25,ER,696120.0,22570.0,0.0,3420.0,0.0,0.0,3410.0
2025-01-26,ER,653980.0,20690.0,0.0,3450.0,0.0,0.0,2680.0
2025-01-27,ER,703780.0,21280.0,0.0,3520.0,0.0,0.0,2620.0
2025-01-28,ER,721990.0,24650.0,0.0,3390.0,0.0,0.0,3240.0
2025-01-29,ER,727910.0,24110.0,0.0,3300.0,0.0,0.0,1130.0
2025-01-30,ER,741310.0,23350.0,0.0,3230.0,0.0,0.0,3500.0
2025-01-31,ER,732450.0,24100.0,0.0,2920.0,0.0,0.0,2810.0
2025-02-01,ER,721750.0,23080.0,0.0,3180.0,0.0,0.0,2950.0
2025-02-02,ER,677360.0,20650.0,0.0,3280.0,0.0,0.0,2950.0
2025-02-03,ER,691510.0,21570.0,0.0,3150.0,0.0,0.0,2480.0
2025-02-04,ER,682960.0,23310.0,0.0,3140.0,0.0,0.0,2490.0
2025-02-05,ER,695600.0,22390.0,0.0,3240.0,0.0,0.0,3090.0
2025-02-06,ER,704260.0,21580.000000000004,0.0,3070.0,0.0,0.0,3260.0
2025-02-07,ER,705550.0,22580.0,0.0,3400.0,0.0,0.0,3240.0
2025-02-08,ER,702960.0,22090.0,0.0,3400.0,0.0,0.0,3140.0
2025-02-09,ER,695080.0,19330.0,0.0,3830.0,0.0,0.0,3310.0
2025-02-10,ER,713550.0,24220.0,0.0,3510.0,0.0,0.0,3440.0
2025-02-11,ER,727020.0,25700.0,0.0,2480.0,0.0,0.0,2460.0
2025-02-12,ER,749800.0,25600.0,0.0,3270.0,0.0,0.0,3260.0
2025-02-13,ER,739050.0,27710.0,0.0,3710.0,0.0,0.0,3230.0
2025-02-14,ER,746410.0,26530.0,0.0,3630.0,0.0,0.0,3220.0
2025-02-15,ER,746080.0,22620.0,0.0,3840.0,0.0,0.0,3010.0
2025-02-16,ER,734320.0,22400.0,0.0,3790.0,0.0,0.0,3150.0
2025-02-17,ER,748470.0,26720.0,0.0,3150.0,0.0,0.0,3190.0
2025-02-18,ER,742020.0,25260.0,0.0,3280.0,0.0,0.0,2760.0
2025-02-19,ER,732810.0,27930.0,0.0,3360.0,0.0,0.0,2470.0
2025-02-20,ER,697510.0,24230.0,0.0,3000.0,0.0,0.0,2530.0
2025-02-21,ER,719020.0,25770.0,0.0,3640.0,0.0,0.0,3300.0
2025-02-22,ER,721430.0,25920.0,0.0,3580.0,0.0,0.0,2650.0
2025-02-23,ER,694910.0,21080.0,0.0,3450.0,0.0,0.0,3180.0
2025-02-24,ER,710170.0,22920.0,0.0,4090.0,0.0,0.0,3050.0
2025-02-25,ER,728560.0,23200.0,0.0,4010.0,0.0,0.0,3020.0
2025-02-26,ER,744810.0,20950.0,0.0,3790.0,0.0,0.0,2950.0
2025-02-27,ER,735330.0,23430.0,0.0,3680.0,0.0,0.0,2160.0
2025-02-28,ER,721530.0,22250.0,0.0,3540.0,0.0,0.0,2600.0
2025-03-01,ER,704720.0,24220.0,0.0,4050.0,0.0,0.0,2390.0
2025-03-02,ER,706100.0,20510.0,0.0,3749.0,0.0,0.0,1891.0
2025-03-03,ER,750830.0,21880.0,0.0,3570.0,0.0,0.0,2160.0
2025-03-04,ER,742950.0,24500.0,0.0,4120.0,0.0,0.0,2820.0
2025-03-05,ER,722960.0,21720.0,0.0,4510.0,0.0,0.0,2730.0
2025-03-06,ER,742990.0,19330.0,0.0,4250.0,0.0,0.0,2790.0
2025-03-07,ER,745280.0,20790.0,0.0,4330.0,0.0,0.0,2009.9999999999998
2025-03-08,ER,746160.0,24480.0,0.0,4300.0,0.0,0.0,1830.0
2025-03-09,ER,734490.0,22220.0,0.0,3980.0,0.0,0.0,1950.0
2025-03-10,ER,769950.0,21820.0,0.0,3880.0,0.0,0.0,2560.0
2025-03-11,ER,758990.0,21960.0,0.0,3720.0,0.0,0.0,2320.0
2025-03-12,ER,762990.0,20270.0,0.0,4019.9999999999995,0.0,0.0,2420.0
2025-03-13,ER,763190.0,22420.0,0.0,4090.0,0.0,0.0,2250.0
2025-03-14,ER,695340.0,17080.0,0.0,3580.0,0.0,0.0,2150.0
2025-03-15,ER,719000.0,20720.0,0.0,3860.0,0.0,0.0,1370.0
2025-03-16,ER,733400.0,24430.0,0.0,3280.0,0.0,0.0,1250.0
2025-03-17,ER,750300.0,25650.0,0.0,3600.0,0.0,0.0,1930.0
2025-03-18,ER,750970.0,24630.000000000004,0.0,5764.0,0.0,0.0,1446.0
2025-03-19,ER,742640.0,28030.0,0.0,3720.0,0.0,0.0,2110.0
2025-03-20,ER,745440.0,25280.0,0.0,3150.0,0.0,0.0,2180.0
2025-03-21,ER,761180.0,20690.0,0.0,2440.0,0.0,0.0,2090.0
2025-03-22,ER,751130.0,23940.0,0.0,3340.0,0.0,0.0,1980.0
2025-03-23,ER,716710.0,23290.0,0.0,3460.0,0.0,0.0,1540.0
2025-03-24,ER,750860.0,23260.0,0.0,4140.0,0.0,0.0,1290.0
2025-03-25,ER,748410.0,23150.0,0.0,4250.0,0.0,0.0,2090.0
2025-03-26,ER,735530.0,23930.0,0.0,4240.0,0.0,0.0,1600.0
2025-03-27,ER,731660.0,27640.0,0.0,4210.0,0.0,0.0,2029.9999999999998
2025-03-28,ER,737970.0,26230.0,0.0,4140.0,0.0,0.0,1600.0
2025-03-29,ER,745610.0,24970.0,0.0,4059.9999999999995,0.0,0.0,2080.0
2025-03-30,ER,723410.0,23690.0,0.0,4150.0,0.0,0.0,2080.0
2025-03-31,ER,720130.0,30710.0,0.0,3840.0,0.0,0.0,2090.0
2025-04-01,ER,723000.0,24490.0,0.0,3680.0,0.0,0.0,1150.0
2025-04-02,ER,746880.0,23720.0,0.0,3440.0,0.0,0.0,1690.0
2025-04-03,ER,763630.0,25710.0,0.0,3250.0,0.0,0.0,1690.0
2025-04-04,ER,730810.0,23939.999999999996,0.0,2960.0,0.0,0.0,1650.0
2025-04-05,ER,715390.0,27620.0,0.0,4230.0,0.0,0.0,1710.0
2025-04-06,ER,684850.0,21870.0,0.0,3640.0,0.0,0.0,1700.0
2025-04-07,ER,710570.0,21530.0,0.0,3790.0,0.0,0.0,1650.0
2025-04-08,ER,719040.0,25690.0,0.0,4059.9999999999995,0.0,0.0,980.0
2025-04-09,ER,714325.0,27490.0,0.0,4170.0,0.0,0.0,970.0
2025-04-10,ER,694090.0,18480.0,0.0,3780.0,0.0,0.0,1460.0
2025-04-11,ER,686450.0,29060.0,0.0,2990.0,0.0,0.0,950.0
2025-04-12,ER,712180.0,25410.0,0.0,3910.0,0.0,0.0,1730.0
2025-04-13,ER,712480.0,31770.0,0.0,3420.0,0.0,0.0,1720.0
2025-04-14,ER,733920.0,28100.0,0.0,3880.0,0.0,0.0,1660.0
2025-04-15,ER,738850.0,26020.0,0.0,3970.0,0.0,0.0,1570.0
2025-04-16,ER,766220.0,25710.0,0.0,4430.0,0.0,0.0,910.0
2025-04-17,ER,735430.0,27480.0,0.0,4070.0000000000005,0.0,0.0,970.0
2025-04-18,ER,695470.0,22240.0,0.0,3030.0,0.0,0.0,1710.0
2025-04-19,ER,698440.0,29730.0,0.0,3430.0,0.0,0.0,1710.0
2025-04-20,ER,711240.0,36250.0,0.0,3400.0,0.0,0.0,1640.0
2025-04-21,ER,731080.0,33200.0,0.0,4100.0,0.0,0.0,1740.0
2025-04-22,ER,715010.0,32490.000000000004,0.0,4110.0,0.0,0.0,1930.0
2025-04-23,ER,714920.0,42360.0,0.0,4230.0,0.0,0.0,1710.0
2025-04-24,ER,736190.0,35730.0,0.0,3910.0,0.0,0.0,930.0
2025-04-25,ER,742680.0,32240.000000000004,0.0,3830.0,0.0,0.0,1010.0
2025-04-26,ER,732260.0,27620.0,0.0,3630.0,0.0,0.0,1500.0
2025-04-27,ER,708800.0,29820.0,0.0,1900.0,0.0,0.0,1480.0
2025-04-28,ER,712810.0,25360.0,0.0,3800.0,0.0,0.0,1340.0
2025-04-29,ER,703040.0,23980.0,0.0,3810.0,0.0,0.0,1430.0
2025-04-30,ER,708250.0,27460.0,0.0,2720.0,0.0,0.0,2320.0
2025-05-01,ER,671150.0,31080.0,0.0,3820.0,0.0,0.0,1630.0
2025-05-02,ER,661330.0,30080.0,0.0,4760.0,0.0,0.0,980.0
2025-05-03,ER,710100.0,27900.0,0.0,3770.0,0.0,0.0,1070.0
2025-05-04,ER,677000.0,27500.0,0.0,4250.0,0.0,0.0,1250.0
2025-05-05,ER,700950.0,34010.0,0.0,4230.0,0.0,0.0,1610.0
2025-05-06,ER,676560.0,30020.0,0.0,3780.0,0.0,0.0,1960.0
2025-05-07,ER,674030.0,30570.0,0.0,4040.0,0.0,0.0,1800.0
2025-05-08,ER,688160.0,28020.0,0.0,4019.9999999999995,0.0,0.0,2020.0
2025-05-09,ER,722250.0,32630.000000000004,0.0,3910.0,0.0,0.0,2029.9999999999998
2025-05-10,ER,729150.0,28790.0,0.0,4120.0,0.0,0.0,1120.0
2025-05-11,ER,690710.0,34740.0,0.0,3940.0,0.0,0.0,1200.0
2025-05-12,ER,706700.0,32150.0,0.0,4019.9999999999995,0.0,0.0,1720.0
2025-05-13,ER,710120.0,43420.0,0.0,3720.0,0.0,0.0,1610.0
2025-05-14,ER,680530.0,44010.0,0.0,3099.0,0.0,0.0,7111.0
2025-05-15,ER,720220.0,46120.0,0.0,3740.0,0.0,0.0,1500.0
2025-05-16,ER,714440.0,49540.0,0.0,3760.0,0.0,0.0,2270.0
2025-05-17,ER,705570.0,42710.0,0.0,3970.0,0.0,0.0,1560.0
2025-05-18,ER,690810.0,38970.0,0.0,3770.0,0.0,0.0,870.0
2025-05-19,ER,729040.0,41450.0,0.0,3250.0,0.0,0.0,880.0
2025-05-20,ER,721110.0,47290.0,0.0,4130.0,0.0,0.0,1510.0
2025-05-21,ER,685120.0,49830.0,0.0,3600.0,0.0,0.0,1440.0
2025-05-24,ER,645510.0,41630.0,0.0,3110.0,0.0,0.0,1610.0
2025-05-25,ER,583010.0,44780.0,0.0,2860.0,0.0,0.0,1670.0
2025-05-26,ER,636680.0000000001,43450.0,0.0,3280.0,0.0,0.0,1000.0
2025-05-27,ER,651540.0,56610.0,0.0,2860.0,0.0,0.0,780.0
2026-06-17,ER,736890.0,38540.0,0.0,3770.0,0.0,0.0,1770.0
2026-06-18,ER,763760.0,37000.0,0.0,3760.0,0.0,0.0,1770.0
2026-06-19,ER,783750.0,30480.0,0.0,3770.0,0.0,0.0,1750.0
2026-06-20,ER,795430.0,30100.0,0.0,4400.0,0.0,0.0,1930.0
2026-06-21,ER,737680.0,28090.0,0.0,5150.0,0.0,0.0,1870.0
2026-06-22,ER,768980.0,20620.0,0.0,4070.0000000000005,0.0,0.0,1050.0
2026-06-23,ER,764760.0,27320.0,0.0,4700.0,0.0,0.0,1130.0
2026-06-24,ER,771530.0,32910.0,0.0,4660.0,0.0,0.0,1080.0
2026-06-25,ER,777420.0,34550.0,0.0,4770.0,0.0,0.0,1770.0
2026-06-26,ER,778540.0,34270.0,0.0,4050.0,0.0,0.0,1780.0
2026-06-27,ER,799740.0,34010.0,0.0,4540.0,0.0,0.0,1890.0
2026-06-28,ER,743820.0,23900.0,0.0,3950.0,0.0,0.0,1890.0
2026-06-29,ER,764810.0,26010.0,0.0,3450.0,0.0,0.0,2180.0
2026-06-30,ER,761860.0,26460.0,0.0,2830.0,0.0,0.0,2880.0
2026-07-01,ER,750890.0,26360.0,0.0,2910.0,0.0,0.0,1610.0
2026-07-02,ER,741460.0,25020.0,0.0,2430.0,0.0,0.0,2290.0
2026-07-03,ER,755500.0,29550.0,0.0,3110.0,0.0,0.0,2320.0
2026-07-04,ER,745200.0,26900.0,0.0,3010.0,0.0,0.0,1800.0
2026-07-05,ER,715150.0,26010.0,0.0,2160.0,0.0,0.0,2140.0
2026-07-06,ER,717590.0,31990.0,0.0,1970.0,0.0,0.0,2340.0
2026-07-07,ER,744640.0,32870.0,0.0,2460.0,0.0,0.0,3770.0
2026-07-08,ER,716040.0,36630.0,0.0,2880.0,0.0,0.0,2850.0
2026-07-09,ER,738900.0,34020.0,0.0,2430.0,0.0,0.0,2490.0
2026-07-10,ER,751560.0,32729.999999999996,0.0,1860.0,0.0,0.0,2460.0
2026-07-11,ER,735458.0,38410.0,0.0,2470.0,0.0,0.0,2560.0
